DATE,SEMANA,EMPLOYEE_ID,ACCOUNT_ID,CUSTOMER_ID,FOLIO,CARD_STATUS_ID,CURRENT_BALANCE,LAST_AMOUNT_DEPOSIT,TYPE,PAYABLE,FUNDED
02/09/2021 00:00,35,,192862,240743,BAF0597536,AC,100,100,CALL,1,1
02/09/2021 00:00,35,,192505,240280,,,100,100,CALL,1,1
02/09/2021 00:00,35,,193557,241583,BAF0597432,AC,100,100,CALL,1,1
02/09/2021 00:00,35,,192445,239910,BAF0567486,AC,3.5,2500,CALL,1,1
03/09/2021 00:00,35,,195902,244681,BAF0577886,AC,216.22,5000,CALL,1,1
03/09/2021 00:00,35,,194573,243042,,,0,0,CALL,1,0
04/09/2021 00:00,35,,199045,247859,BAF0597369,AC,2100,2000,CALL,1,1
06/09/2021 00:00,36,,205493,257204,BAF0597355,AC,2250,2000,CALL,1,1
07/09/2021 00:00,36,,205871,257954,BAF0597349,AC,0,100,CALL,1,1
07/09/2021 00:00,36,,207935,260386,BAF0570903,AC,0.7,500,CALL,1,1
08/09/2021 00:00,36,,210395,263437,,,0,0,CALL,1,0
08/09/2021 00:00,36,,210186,263169,,,0,0,CALL,1,0
09/09/2021 00:00,36,,212911,266109,,,0,0,CALL,1,0
09/09/2021 00:00,36,,210850,264229,,,0,0,CALL,1,0
09/09/2021 00:00,36,,212333,265866,,,0,0,CALL,1,0
09/09/2021 09:00,36,825,210791,264154,BAF0497869,AC,,0,PHYS,1,0
09/09/2021 09:18,36,825,210817,264193,BAF0497857,AC,,0,PHYS,1,0
10/09/2021 00:00,36,,213474,265779,,,0.06,4916.79,CALL,1,1
11/09/2021 00:00,36,,217945,273109,BAF0648689,AC,0,6000,CALL,1,1
17/09/2021 00:00,37,,232173,291254,,,0,0,CALL,1,0
17/09/2021 00:00,37,,232147,291225,,,0,0,CALL,1,0
18/09/2021 00:00,37,,233439,293003,BAF0648260,AC,42.12,460,CALL,1,1
21/09/2021 00:00,38,,242887,304774,BAF0648618,AS,100,100,CALL,1,1
28/09/2021 00:00,39,,259184,324920,,,0,0,CALL,1,0
01/10/2021 00:00,39,,265445,332610,,,0,300,CALL,1,1
04/10/2021 00:00,40,,272522,341403,BAF0680450,AC,100,100,CALL,1,1
04/10/2021 00:00,40,,272456,341313,,,0,0,CALL,1,0
06/10/2021 00:00,40,,274754,341889,BAF0719463,AC,0,6089,CALL,1,1
07/10/2021 00:00,40,,277776,348289,,,50,50,CALL,1,0
07/10/2021 00:00,40,,278236,348939,,,0,0,CALL,1,0
08/10/2021 00:00,40,,278935,349790,,,0,0,CALL,1,0
08/10/2021 00:00,40,,280215,351323,,,0,0,CALL,1,0
08/10/2021 00:00,40,,280368,351522,BAF0719503,AC,11.15,80.35,CALL,1,1
08/10/2021 00:00,40,,280011,351048,BAF0719206,AC,1000.01,1000,CALL,1,1
08/10/2021 00:00,40,,280579,351058,BAF0718969,AC,1198,1500,CALL,1,1
08/10/2021 00:00,40,,280528,351700,,,0,0,CALL,1,0
08/10/2021 00:00,40,,280554,351737,BAF0719485,AC,1540.64,1570,CALL,1,1
08/10/2021 00:00,40,,279965,351046,,,6.4,100,CALL,1,1
08/10/2021 00:00,40,,279562,350549,BAF0718786,AC,100,100,CALL,1,1
08/10/2021 00:00,40,,279981,351061,,,0,0,CALL,1,0
08/10/2021 00:00,40,,280187,351202,,,0,0,CALL,1,0
08/10/2021 00:00,40,,280052,351132,BAF0718630,AC,0,300,CALL,1,1
08/10/2021 00:00,40,,279031,349952,BAF0594264,AC,0,0,CALL,1,1
08/10/2021 00:00,40,,280568,351750,,,0,0,CALL,1,0
08/10/2021 00:00,40,,278965,349871,BAF0719350,AC,100.01,100,CALL,1,1
08/10/2021 00:00,40,,279215,350172,,,0,400,CALL,1,1
08/10/2021 00:00,40,,279796,350843,,,0.01,100,CALL,1,1
09/10/2021 00:00,40,,280635,352031,,,0,1870,CALL,1,1
09/10/2021 00:00,40,,280766,352235,,,76.44,20,CALL,1,0
09/10/2021 00:00,40,,281935,353527,BAF0718919,AC,100,100,CALL,1,1
09/10/2021 00:00,40,,281887,353476,BAF0719212,AC,200,100,CALL,1,1
09/10/2021 00:00,40,,281697,353272,BAF0719129,AC,2565,2500,CALL,1,1
09/10/2021 00:00,40,,281903,353484,BAF0719210,AC,0,100,CALL,1,1
09/10/2021 00:00,40,,281179,352706,BAF0719227,AC,292,250,CALL,1,1
09/10/2021 00:00,40,,282209,353829,,,0,0,CALL,1,0
09/10/2021 00:00,40,,282814,354554,BAF0719292,AC,119,119,CALL,1,1
09/10/2021 00:00,40,,282107,353714,,,0,100,CALL,1,1
09/10/2021 00:00,40,,281666,353248,BAF0719294,AC,67.5,100,CALL,1,1
09/10/2021 00:00,40,,281034,352522,,,0,100,CALL,1,1
09/10/2021 00:00,40,,281053,352553,,,0,0,CALL,1,0
09/10/2021 00:00,40,,281664,353233,,,0,100,CALL,1,1
09/10/2021 00:00,40,,281342,352825,,,0,0,CALL,1,0
09/10/2021 00:00,40,,281997,353562,BAF0718934,AC,0,100,CALL,1,1
09/10/2021 00:00,40,,282561,354219,BAF0718931,AC,0,100,CALL,1,1
09/10/2021 00:00,40,,281127,352606,,,0,0,CALL,1,0
09/10/2021 00:00,40,,280983,352452,,,0,0,CALL,1,0
09/10/2021 00:00,40,,282341,353984,BAF0719054,AC,100,100,CALL,1,1
09/10/2021 00:00,40,,282017,353598,,,100,100,CALL,1,1
09/10/2021 00:00,40,,281832,353393,BAF0719213,AC,0,100,CALL,1,1
09/10/2021 00:00,40,,281797,350880,,,100,100,CALL,1,1
09/10/2021 00:00,40,,282486,353967,BAF0765584,AC,0,300,CALL,1,1
09/10/2021 00:00,40,,282837,348534,,,0,0,CALL,1,0
10/10/2021 00:00,40,,283172,354062,BAF0718887,AC,100,100,CALL,1,1
10/10/2021 00:00,40,,284940,357138,BAF0718748,AS,0,100,CALL,1,1
10/10/2021 00:00,40,,284565,356721,,,100,100,CALL,1,1
10/10/2021 00:00,40,,283780,355804,BAF0719270,AC,3030,2900,CALL,1,1
10/10/2021 00:00,40,,283196,355142,,,0,0,CALL,1,0
10/10/2021 00:00,40,,283475,355447,,,100,300,CALL,1,1
10/10/2021 00:00,40,,282938,353865,,,100,100,CALL,1,1
10/10/2021 00:00,40,,284673,356631,,,100,100,CALL,1,1
10/10/2021 00:00,40,,284368,354604,,,0,0,CALL,1,0
10/10/2021 00:00,40,,284019,356065,BAF0719262,AS,100,100,CALL,1,1
10/10/2021 00:00,40,,283907,355952,,,100,100,CALL,1,1
10/10/2021 00:00,40,,283888,355926,BAF0719267,AC,218.5,1000,CALL,1,1
10/10/2021 00:00,40,,283419,355386,,,0,0,CALL,1,0
10/10/2021 00:00,40,,283122,355074,BAF0581825,AC,12,1250,CALL,1,1
10/10/2021 00:00,40,,285058,357305,,,100,100,CALL,1,1
10/10/2021 00:00,40,,285096,357359,BAF0718978,AC,113.64,1300,CALL,1,1
10/10/2021 00:00,40,,283699,355615,,,100,100,CALL,1,1
10/10/2021 00:00,40,,285078,354783,BAF0719159,AS,0,100,CALL,1,1
10/10/2021 00:00,40,,284790,356963,BAF0719119,AC,0,5100,CALL,1,1
10/10/2021 00:00,40,,284793,356990,BAF0719118,AC,100,100,CALL,1,1
10/10/2021 00:00,40,,283287,355258,BAF0719239,AC,1183,1500,CALL,1,1
10/10/2021 00:00,40,,284947,356421,,,0,0,CALL,1,0
10/10/2021 00:00,40,,284887,357074,,,0,0,CALL,1,0
10/10/2021 00:00,40,,285095,357306,BAF0765554,AS,0,100,CALL,1,1
10/10/2021 00:00,40,,283105,355027,,,0,0,CALL,1,0
11/10/2021 00:00,41,,287022,359818,,,0,0,CALL,1,0
11/10/2021 00:00,41,,287062,359781,,,0,0,CALL,1,0
11/10/2021 00:00,41,,287033,359816,,,0,0,CALL,1,0
11/10/2021 00:00,41,,286985,359763,BAF0718994,AC,25.01,3100,CALL,1,1
11/10/2021 00:00,41,,287108,359928,BAF0718980,AC,100,100,CALL,1,1
11/10/2021 00:00,41,,285586,358112,BAF0679464,AC,0,0,CALL,1,1
11/10/2021 00:00,41,,285751,358295,BAF0719250,AC,0,4500,CALL,1,1
11/10/2021 00:00,41,,285918,358457,BAF0698988,AC,12.95,100,CALL,1,1
11/10/2021 00:00,41,,287082,359892,,,100,100,CALL,1,1
11/10/2021 00:00,41,,286157,358775,BAF0719244,AC,0.01,0.01,CALL,1,1
11/10/2021 00:00,41,,286367,359027,,,0,0,CALL,1,0
11/10/2021 00:00,41,,287054,359854,,,0,0,CALL,1,0
11/10/2021 00:00,41,,287092,359897,,,0,0,CALL,1,0
11/10/2021 00:00,41,,287102,359901,,,100,100,CALL,1,1
11/10/2021 00:00,41,,285803,358255,BAF0719251,AC,150,150,CALL,1,1
11/10/2021 00:00,41,,287016,359803,,,0,100,CALL,1,1
11/10/2021 00:00,41,,286844,359575,BAF0718977,AC,0,200,CALL,1,1
11/10/2021 00:00,41,,285406,357861,,,0,0,CALL,1,0
11/10/2021 00:00,41,,287116,359940,,,0,0,CALL,1,0
11/10/2021 00:00,41,,286901,359658,,,100,100,CALL,1,1
11/10/2021 00:00,41,,286980,359727,,,0,200,CALL,1,1
11/10/2021 00:00,41,,286879,359630,,,100,100,CALL,1,1
11/10/2021 00:00,41,,286858,359596,BAF0718391,AS,0,100,CALL,1,1
11/10/2021 00:00,41,,285314,357281,BAF0719148,AS,100,100,CALL,1,1
11/10/2021 00:00,41,,287118,359947,,,100,100,CALL,1,1
11/10/2021 00:00,41,,287009,359791,,,100,100,CALL,1,1
11/10/2021 00:00,41,,286284,358930,,,100,100,CALL,1,1
11/10/2021 00:00,41,,286483,359160,BAF0718870,AC,40,300,CALL,1,1
11/10/2021 00:00,41,,285409,357863,,,0,250,CALL,1,1
11/10/2021 00:00,41,,285966,358571,,,100,150,CALL,1,1
11/10/2021 00:00,41,,286624,359333,BAF0765574,AS,0,50,CALL,1,1
11/10/2021 00:00,41,,287123,359946,,,0,0,CALL,1,0
11/10/2021 00:00,41,,286666,359382,BAF0718636,AC,600,1500,CALL,1,1
11/10/2021 00:00,41,,285755,358312,BAF0765410,AC,0,620,CALL,1,1
11/10/2021 00:00,41,,285910,358331,,,0,250,CALL,1,1
11/10/2021 00:00,41,,285906,358445,,,0,0,CALL,1,0
11/10/2021 00:00,41,,286683,359347,BAF0718360,AC,120,10,CALL,1,1
11/10/2021 00:00,41,,286620,359325,BAF0679473,AC,100,100,CALL,1,1
11/10/2021 00:00,41,,285706,358267,,,0,0,CALL,1,0
11/10/2021 00:00,41,,285711,358265,,,100,100,CALL,1,1
11/10/2021 00:00,41,,285958,358547,,,0,0,CALL,1,0
11/10/2021 00:00,41,,285342,357792,,,225,330,CALL,1,1
11/10/2021 00:00,41,,285315,357735,BAF0765690,AS,300,200,CALL,1,1
11/10/2021 00:00,41,,287007,359782,,,0,0,CALL,1,0
11/10/2021 00:00,41,,286930,359680,,,0,0,CALL,1,0
11/10/2021 00:00,41,,287066,359861,,,0,0,CALL,1,0
11/10/2021 00:00,41,,287045,359837,,,0,0,CALL,1,0
11/10/2021 00:00,41,,285503,357998,,,0,0,CALL,1,0
12/10/2021 00:00,41,,287497,360435,,,0,100,CALL,1,1
12/10/2021 00:00,41,,289032,362321,,,0,0,CALL,1,0
12/10/2021 00:00,41,,287305,360237,BAF0718813,AC,50,100,CALL,1,1
12/10/2021 00:00,41,,287869,360802,,,30,30,CALL,1,0
12/10/2021 00:00,41,,287886,360903,,,0,0,CALL,1,0
12/10/2021 00:00,41,,287553,360480,,,0,0,CALL,1,0
12/10/2021 00:00,41,,287859,360902,BAF0719009,AC,700,1000,CALL,1,1
12/10/2021 00:00,41,,287682,360696,,,0,0,CALL,1,0
12/10/2021 00:00,41,,288586,361744,,,0,0,CALL,1,0
12/10/2021 00:00,41,,287957,361017,,,100,100,CALL,1,1
12/10/2021 00:00,41,,287924,360976,,,0,100,CALL,1,1
12/10/2021 00:00,41,,288342,361475,,,0,0,CALL,1,0
12/10/2021 00:00,41,,287227,360133,BAF0718710,AC,0,100,CALL,1,1
12/10/2021 00:00,41,,288496,361645,,,0,100,CALL,1,1
12/10/2021 00:00,41,,289071,362446,,,0,0,CALL,1,0
12/10/2021 00:00,41,,287722,360749,,,0,100,CALL,1,1
12/10/2021 00:00,41,,287381,360278,BAF0719015,AC,228.46,1227.04,CALL,1,1
12/10/2021 00:00,41,,287373,360266,BAF0719005,AC,0.7,2000,CALL,1,1
12/10/2021 00:00,41,,287504,360444,,,0,0,CALL,1,0
12/10/2021 00:00,41,,288437,361566,,,0,0,CALL,1,0
12/10/2021 00:00,41,,288637,361797,,,0,0,CALL,1,0
12/10/2021 00:00,41,,288614,351672,BAF0719074,AC,140,140,CALL,1,1
12/10/2021 00:00,41,,288185,359798,BAF0719020,AC,0,100,CALL,1,1
12/10/2021 00:00,41,,288556,361728,BAF0718716,AC,3100,1200,CALL,1,1
12/10/2021 00:00,41,,288028,361098,BAF0719018,BL,160,160,CALL,1,1
12/10/2021 00:00,41,,288136,361222,,,0,0,CALL,1,0
12/10/2021 00:00,41,,288202,361321,BAF0719021,AS,0,518,CALL,1,1
12/10/2021 00:00,41,,287809,360822,BAF0718832,AC,550,450,CALL,1,1
12/10/2021 00:00,41,,287671,360645,BAF0719001,AC,100,100,CALL,1,1
12/10/2021 00:00,41,,287380,360298,,,0,0,CALL,1,0
12/10/2021 00:00,41,,287769,360782,,,0,0,CALL,1,0
12/10/2021 00:00,41,,287389,360283,,,0,0,CALL,1,0
12/10/2021 00:00,41,,287822,360863,,,0,0,CALL,1,0
12/10/2021 00:00,41,,287273,360199,,,0,100,CALL,1,1
12/10/2021 00:00,41,,288932,362190,,,0,100,CALL,1,1
12/10/2021 00:00,41,,287683,359971,,,0,0,CALL,1,0
12/10/2021 00:00,41,,287251,360165,,,0,0,CALL,1,0
12/10/2021 00:00,41,,288008,361054,,,100,100,CALL,1,1
12/10/2021 00:00,41,,288266,361392,,,100,100,CALL,1,1
12/10/2021 00:00,41,,288510,361670,BAF0719079,AS,100,100,CALL,1,1
12/10/2021 00:00,41,,287387,359343,,,100,100,CALL,1,1
12/10/2021 00:00,41,,288715,360602,,,100,100,CALL,1,1
12/10/2021 00:00,41,,289008,362271,,,0,0,CALL,1,0
12/10/2021 00:00,41,,287315,360222,,,500,500,CALL,1,1
12/10/2021 00:00,41,,287932,360987,BAF0719010,AC,0,250,CALL,1,1
12/10/2021 00:00,41,,287419,360285,,,100,100,CALL,1,1
12/10/2021 00:00,41,,288881,362116,,,0,0,CALL,1,0
12/10/2021 00:00,41,,289034,362334,,,0,0,CALL,1,0
12/10/2021 00:00,41,,289023,362310,,,0,0,CALL,1,0
12/10/2021 00:00,41,,288607,361742,,,0,0,CALL,1,0
12/10/2021 00:00,41,,287985,361047,BAF0719016,AS,0,200,CALL,1,1
12/10/2021 00:00,41,,287673,360520,BAF0719017,AC,100,100,CALL,1,1
12/10/2021 00:00,41,,288004,361063,,,0,0,CALL,1,0
12/10/2021 00:00,41,,287304,360220,,,0,0,CALL,1,0
12/10/2021 00:00,41,,288361,361498,BAF0718713,AC,96.15,500,CALL,1,1
12/10/2021 00:00,41,,288549,361717,,,201,200,CALL,1,1
12/10/2021 00:00,41,,287302,360221,,,0,0,CALL,1,0
12/10/2021 00:00,41,,288452,361616,BAF0718746,AC,118.74,500,CALL,1,1
12/10/2021 00:00,41,,288560,361738,,,0,0,CALL,1,0
12/10/2021 00:00,41,,288971,362245,,,0,0,CALL,1,0
12/10/2021 00:00,41,,288966,362207,,,0,100,CALL,1,1
12/10/2021 00:00,41,,287390,360296,,,0,0,CALL,1,0
12/10/2021 00:00,41,,288411,360657,,,0,0,CALL,1,0
12/10/2021 00:00,41,,287856,360827,,,0,0,CALL,1,0
12/10/2021 00:00,41,,289028,362324,,,0,0,CALL,1,0
12/10/2021 00:00,41,,287902,360539,,,,,CALL,1,0
12/10/2021 00:00,41,,287823,360873,,,100,100,CALL,1,1
12/10/2021 00:00,41,,287289,360205,,,0,200,CALL,1,1
12/10/2021 00:00,41,,287512,360438,,,,,CALL,1,0
12/10/2021 00:00,41,,287720,360737,,,0,0,CALL,1,0
12/10/2021 00:00,41,,287460,360374,,,0,100,CALL,1,1
12/10/2021 00:00,41,,287471,360361,BAF0719002,AC,86.89,100,CALL,1,1
13/10/2021 00:00,41,,291045,364821,,,0,100,CALL,1,1
13/10/2021 00:00,41,,289892,362213,,,500,500,CALL,1,1
13/10/2021 00:00,41,,291210,365069,,,0,0,CALL,1,0
13/10/2021 00:00,41,,291215,365071,BAF0718609,AC,100,100,CALL,1,1
13/10/2021 00:00,41,,291223,365100,BAF0718656,AS,0,100,CALL,1,1
13/10/2021 00:00,41,,289875,362388,,,0,0,CALL,1,0
13/10/2021 00:00,41,,290908,364653,,,0,0,CALL,1,0
13/10/2021 00:00,41,,289236,362752,,,0,100,CALL,1,1
13/10/2021 00:00,41,,289092,362117,BAF0718726,AC,1100.45,100,CALL,1,1
13/10/2021 00:00,41,,289835,363002,BAF0765513,AC,10,100,CALL,1,1
13/10/2021 00:00,41,,291103,364903,BAF0718640,AC,100,100,CALL,1,1
13/10/2021 00:00,41,,289241,362757,,,0,100,CALL,1,1
13/10/2021 00:00,41,,289547,363128,,,100,100,CALL,1,1
13/10/2021 00:00,41,,290815,364560,,,200,100,CALL,1,1
13/10/2021 00:00,41,,289652,363203,,,100,100,CALL,1,1
13/10/2021 00:00,41,,289525,362799,BAF0719098,AC,300,250,CALL,1,1
13/10/2021 00:00,41,,290906,364651,BAF0718649,AC,858.96,858.96,CALL,1,1
13/10/2021 00:00,41,,290532,364240,BAF0719086,AS,100,100,CALL,1,1
13/10/2021 00:00,41,,289550,363124,BAF0718622,AC,100,100,CALL,1,1
13/10/2021 00:00,41,,290349,364034,BAF0719082,AC,100,100,CALL,1,1
13/10/2021 00:00,41,,291069,364858,BAF0719097,AC,0,100,CALL,1,1
13/10/2021 00:00,41,,290563,201928,,,0,100,CALL,1,1
13/10/2021 00:00,41,,291153,364973,,,0,0,CALL,1,0
13/10/2021 00:00,41,,291028,364802,,,0,0,CALL,1,0
13/10/2021 00:00,41,,289581,358714,,,300,400,CALL,1,1
13/10/2021 00:00,41,,291195,365048,,,0,0,CALL,1,0
13/10/2021 00:00,41,,291196,365040,,,0,0,CALL,1,0
13/10/2021 00:00,41,,291212,365080,,,0,0,CALL,1,0
13/10/2021 00:00,41,,289604,363194,,,0,0,CALL,1,0
13/10/2021 00:00,41,,289653,363255,,,0,0,CALL,1,0
13/10/2021 00:00,41,,289164,362656,,,0,0,CALL,1,0
13/10/2021 00:00,41,,289321,362860,,,0,100,CALL,1,1
13/10/2021 00:00,41,,290443,364125,,,0,100,CALL,1,1
13/10/2021 00:00,41,,291179,365021,,,0,0,CALL,1,0
13/10/2021 00:00,41,,289458,363032,,,0,100,CALL,1,1
13/10/2021 00:00,41,,290913,364665,BAF0718648,AS,0,100,CALL,1,1
13/10/2021 00:00,41,,289566,362352,,,0,0,CALL,1,0
13/10/2021 00:00,41,,289966,363599,,,0,0,CALL,1,0
13/10/2021 00:00,41,,290039,363697,,,0,0,CALL,1,0
13/10/2021 00:00,41,,290602,362320,,,100,100,CALL,1,1
13/10/2021 00:00,41,,291214,202022,,,0,0,CALL,1,0
13/10/2021 00:00,41,,291189,365037,,,0,0,CALL,1,0
13/10/2021 00:00,41,,291183,365030,,,0,0,CALL,1,0
13/10/2021 00:00,41,,290887,364636,,,0,0,CALL,1,0
13/10/2021 00:00,41,,291175,365013,,,0,0,CALL,1,0
13/10/2021 00:00,41,,289183,362654,,,100,100,CALL,1,1
13/10/2021 00:00,41,,291092,364873,BAF0719108,AC,0,500,CALL,1,1
13/10/2021 00:00,41,,291125,362382,BAF0719107,AC,0,100,CALL,1,1
13/10/2021 00:00,41,,289267,362779,,,0,100,CALL,1,1
13/10/2021 00:00,41,,290135,360505,,,0,100,CALL,1,1
13/10/2021 00:00,41,,289916,359228,BAF0765629,AS,0,100,CALL,1,1
13/10/2021 00:00,41,,290400,364089,BAF0718747,AC,500,400,CALL,1,1
13/10/2021 00:00,41,,289266,362793,,,100,100,CALL,1,1
13/10/2021 00:00,41,,290672,364403,,,,,CALL,1,0
13/10/2021 00:00,41,,289826,362853,,,0,0,CALL,1,0
13/10/2021 00:00,41,,290615,364331,,,0,0,CALL,1,0
13/10/2021 00:00,41,,290460,364145,,,0,0,CALL,1,0
13/10/2021 00:00,41,,290469,364175,,,0,0,CALL,1,0
13/10/2021 00:00,41,,290438,364140,BAF0718762,AC,0,100,CALL,1,1
13/10/2021 00:00,41,,290724,364468,BAF0765672,AS,0,100,CALL,1,1
13/10/2021 00:00,41,,290171,363771,BAF0718742,AC,0,200,CALL,1,1
13/10/2021 00:00,41,,290244,363869,,,0,0,CALL,1,0
13/10/2021 00:00,41,,290376,364069,BAF0718745,AS,100,100,CALL,1,1
13/10/2021 00:00,41,,290760,364491,,,0,0,CALL,1,0
13/10/2021 00:00,41,,289709,363295,,,0,0,CALL,1,0
13/10/2021 00:00,41,,290793,364509,,,0,0,CALL,1,0
13/10/2021 00:00,41,,290117,363787,,,0,0,CALL,1,0
13/10/2021 00:00,41,,290766,364500,,,0,0,CALL,1,0
13/10/2021 00:00,41,,290762,364505,BAF0718517,AC,150,150,CALL,1,1
13/10/2021 00:00,41,,290748,364392,BAF0718754,AC,0,150,CALL,1,1
13/10/2021 00:00,41,,290478,364164,,,100,100,CALL,1,1
13/10/2021 00:00,41,,291157,364978,,,0,0,CALL,1,0
13/10/2021 00:00,41,,289981,363618,,,0,100,CALL,1,1
13/10/2021 00:00,41,,291108,364879,,,100,100,CALL,1,1
13/10/2021 00:00,41,,291001,364746,,,150,150,CALL,1,1
13/10/2021 00:00,41,,291080,364833,,,0,0,CALL,1,0
13/10/2021 00:00,41,,291063,363544,,,0,0,CALL,1,0
13/10/2021 00:00,41,,290336,364026,BAF0718744,AC,4,610,CALL,1,1
13/10/2021 00:00,41,,289270,362801,,,0,0,CALL,1,0
13/10/2021 00:00,41,,289381,362950,,,0,0,CALL,1,0
13/10/2021 00:00,41,,289226,362736,,,1,1,CALL,1,0
14/10/2021 00:00,41,,291440,365456,,,100,100,CALL,1,1
14/10/2021 00:00,41,,291524,360995,,,0,0,CALL,1,0
14/10/2021 00:00,41,,293450,367768,BAF0718825,AS,0,100,CALL,1,1
14/10/2021 00:00,41,,291442,365452,,,0,0,CALL,1,0
14/10/2021 00:00,41,,293319,363273,,,0,0,CALL,1,0
14/10/2021 00:00,41,,291612,365627,,,1,1,CALL,1,0
14/10/2021 00:00,41,,293441,367754,,,0,0,CALL,1,0
14/10/2021 00:00,41,,293206,367482,,,0,100,CALL,1,1
14/10/2021 00:00,41,,292121,366230,,,0,0,CALL,1,0
14/10/2021 00:00,41,,291531,365491,,,0,0,CALL,1,0
14/10/2021 00:00,41,,292580,366683,BAF0718612,AC,180.68,170,CALL,1,1
14/10/2021 00:00,41,,292551,366720,,,100,100,CALL,1,1
14/10/2021 00:00,41,,292086,366160,BAF0718789,AC,100,100,CALL,1,1
14/10/2021 00:00,41,,293398,366747,BAF0765561,AS,100,100,CALL,1,1
14/10/2021 00:00,41,,293341,333851,BAF0718594,AC,199.47,99.47,CALL,1,1
14/10/2021 00:00,41,,293279,367546,,,0,0,CALL,1,0
14/10/2021 00:00,41,,291966,365976,,,100,100,CALL,1,1
14/10/2021 00:00,41,,291884,365968,,,0,0,CALL,1,0
14/10/2021 00:00,41,,291362,365341,BAF0718639,AC,0,40,CALL,1,1
14/10/2021 00:00,41,,292968,367208,,,111.8,552,CALL,1,1
14/10/2021 00:00,41,,293455,367763,,,0,0,CALL,1,0
14/10/2021 00:00,41,,292218,366344,BAF0718317,AS,200,100,CALL,1,1
14/10/2021 00:00,41,,292016,366120,,,0,0,CALL,1,0
14/10/2021 00:00,41,,293304,367584,,,0,0,CALL,1,0
14/10/2021 00:00,41,,293320,367607,,,0,0,CALL,1,0
14/10/2021 00:00,41,,292553,366608,,,0,0,CALL,1,0
14/10/2021 00:00,41,,291711,365053,,,0,0,CALL,1,0
14/10/2021 00:00,41,,293385,367684,,,100,100,CALL,1,1
14/10/2021 00:00,41,,292463,366615,BAF0718610,AC,0,100,CALL,1,1
14/10/2021 00:00,41,,291686,365728,,,0,0,CALL,1,0
14/10/2021 00:00,41,,293443,362758,,,0,0,CALL,1,0
14/10/2021 00:00,41,,291238,365125,,,0,0,CALL,1,0
14/10/2021 00:00,41,,292191,366318,,,100,100,CALL,1,1
14/10/2021 00:00,41,,292215,364776,,,0,100,CALL,1,1
14/10/2021 00:00,41,,292558,366702,,,0,0,CALL,1,0
14/10/2021 00:00,41,,293403,367703,BAF0718313,AC,107,50,CALL,1,1
14/10/2021 00:00,41,,293469,367789,,,0,100,CALL,1,1
14/10/2021 00:00,41,,293426,367735,,,0,100,CALL,1,1
14/10/2021 00:00,41,,291865,365951,BAF0718784,AS,0,100,CALL,1,1
14/10/2021 00:00,41,,292299,340493,BAF0718526,AC,0,100,CALL,1,1
14/10/2021 00:00,41,,293386,366680,,,0,0,CALL,1,0
14/10/2021 00:00,41,,292141,366252,BAF0718847,AS,0,100,CALL,1,1
14/10/2021 00:00,41,,292022,366114,,,100,300,CALL,1,1
14/10/2021 00:00,41,,291983,366078,,,100,100,CALL,1,1
14/10/2021 00:00,41,,292257,360627,,,0,50,CALL,1,0
14/10/2021 00:00,41,,292955,314317,,,0,0,CALL,1,0
14/10/2021 00:00,41,,291469,365313,,,0,0,CALL,1,0
14/10/2021 00:00,41,,291875,365963,,,0,50,CALL,1,0
14/10/2021 00:00,41,,291899,365881,,,0,0,CALL,1,0
14/10/2021 00:00,41,,291521,363608,,,0,0,CALL,1,0
14/10/2021 00:00,41,,293127,367361,BAF0765435,AS,100,100,CALL,1,1
14/10/2021 00:00,41,,293183,367448,,,0,0,CALL,1,0
14/10/2021 00:00,41,,292831,367052,,,0,100,CALL,1,1
14/10/2021 00:00,41,,292369,366429,,,0,0,CALL,1,0
14/10/2021 00:00,41,,292706,366911,,,0,100,CALL,1,1
14/10/2021 00:00,41,,292614,366792,,,0,0,CALL,1,0
14/10/2021 00:00,41,,291526,365543,BAF0718585,AS,100,100,CALL,1,1
14/10/2021 00:00,41,,292098,366201,,,0,0,CALL,1,0
14/10/2021 00:00,41,,292205,366326,,,0,0,CALL,1,0
14/10/2021 00:00,41,,291369,365356,,,0,0,CALL,1,0
14/10/2021 00:00,41,,292546,361927,BAF0765264,AC,0,100,CALL,1,1
14/10/2021 00:00,41,,293122,367213,,,0,100,CALL,1,1
14/10/2021 00:00,41,,292655,366773,,,0,100,CALL,1,1
14/10/2021 00:00,41,,292829,367058,,,0,0,CALL,1,0
14/10/2021 00:00,41,,292641,366823,,,0,0,CALL,1,0
14/10/2021 00:00,41,,292192,365876,,,0,0,CALL,1,0
14/10/2021 00:00,41,,291700,364997,BAF0596601,AC,41.98,1000,CALL,1,1
14/10/2021 00:00,41,,291497,365483,,,0,0,CALL,1,0
14/10/2021 00:00,41,,292364,366434,,,0,0,CALL,1,0
14/10/2021 00:00,41,,291360,363540,,,0,0,CALL,1,0
15/10/2021 00:00,41,,295921,370830,,,0,100,CALL,1,1
15/10/2021 00:00,41,,293652,365470,,,100,100,CALL,1,1
15/10/2021 00:00,41,,294431,368741,,,50.01,100,CALL,1,1
15/10/2021 00:00,41,,294541,369173,,,0,0,CALL,1,0
15/10/2021 00:00,41,,294580,366300,,,0,0,CALL,1,0
15/10/2021 00:00,41,,293795,366737,,,0.01,100,CALL,1,1
15/10/2021 00:00,41,,293631,368091,,,0,0,CALL,1,0
15/10/2021 00:00,41,,295479,367421,,,0,0,CALL,1,0
15/10/2021 00:00,41,,294256,368864,,,0,100,CALL,1,1
15/10/2021 00:00,41,,293700,368188,,,0,100,CALL,1,1
15/10/2021 00:00,41,,294369,368967,BAF0718596,AC,0.01,100,CALL,1,1
15/10/2021 00:00,41,,295465,370247,,,0,0,CALL,1,0
15/10/2021 00:00,41,,295881,370789,BAF0718559,AS,100,100,CALL,1,1
15/10/2021 00:00,41,,294535,369155,,,100.01,100,CALL,1,1
15/10/2021 00:00,41,,295369,370150,,,0,0,CALL,1,0
15/10/2021 00:00,41,,294698,369257,,,0,0,CALL,1,0
15/10/2021 00:00,41,,293651,368115,,,0,0,CALL,1,0
15/10/2021 00:00,41,,295702,370538,,,0,0,CALL,1,0
15/10/2021 00:00,41,,295588,370402,,,0,0,CALL,1,0
15/10/2021 00:00,41,,293657,368096,,,0,0,CALL,1,0
15/10/2021 00:00,41,,294864,369584,BAF0718546,AC,100.01,100,CALL,1,1
15/10/2021 00:00,41,,293842,368356,BAF0718311,AC,0,100,CALL,1,1
15/10/2021 00:00,41,,295838,370715,BAF0718576,AS,0,100,CALL,1,1
15/10/2021 00:00,41,,294428,368801,BAF0718540,AS,100.01,100,CALL,1,1
15/10/2021 00:00,41,,295155,369933,,,0,0,CALL,1,0
15/10/2021 00:00,41,,295421,370227,,,0,0,CALL,1,0
15/10/2021 00:00,41,,295396,370198,,,0,0,CALL,1,0
15/10/2021 00:00,41,,295954,360327,,,0,0,CALL,1,0
15/10/2021 00:00,41,,295603,370411,,,0,0,CALL,1,0
15/10/2021 00:00,41,,295678,370514,,,0,0,CALL,1,0
15/10/2021 00:00,41,,294547,369178,BAF0718593,AS,100,100,CALL,1,1
15/10/2021 00:00,41,,294038,368596,,,0,0,CALL,1,0
15/10/2021 00:00,41,,295167,368277,BAF0718680,AC,100.01,100,CALL,1,1
15/10/2021 00:00,41,,293784,368279,,,0,100,CALL,1,1
15/10/2021 00:00,41,,294035,368592,,,0,100,CALL,1,1
15/10/2021 00:00,41,,293864,368394,BAF0718534,AC,100.01,100,CALL,1,1
15/10/2021 00:00,41,,294370,368982,,,0,0,CALL,1,0
15/10/2021 00:00,41,,294656,369356,,,0,0,CALL,1,0
15/10/2021 00:00,41,,295161,369939,,,200.02,200,CALL,1,1
15/10/2021 00:00,41,,294472,369101,,,0.01,200,CALL,1,1
15/10/2021 00:00,41,,293929,368464,,,0.01,100,CALL,1,1
15/10/2021 00:00,41,,294760,369465,,,0,0,CALL,1,0
16/10/2021 00:00,41,,297561,372863,,,100,100,CALL,1,1
16/10/2021 00:00,41,,297536,372817,,,100,100,CALL,1,1
16/10/2021 00:00,41,,296624,371782,BAF0765479,AC,300,300,CALL,1,1
16/10/2021 00:00,41,,296115,371196,BAF0718337,AS,100,100,CALL,1,1
16/10/2021 00:00,41,,296750,371911,BAF0718562,AC,0,100,CALL,1,1
16/10/2021 00:00,41,,297335,372561,BAF0765630,AS,0,100,CALL,1,1
16/10/2021 00:00,41,,296154,371249,BAF0718667,AC,0,32,CALL,1,1
16/10/2021 00:00,41,,297055,372253,BAF0718377,AC,5,2616.2,CALL,1,1
16/10/2021 00:00,41,,296813,372006,,,0,0,CALL,1,0
16/10/2021 00:00,41,,296135,371200,,,0,0,CALL,1,0
16/10/2021 00:00,41,,296158,371242,,,0,0,CALL,1,0
16/10/2021 00:00,41,,296565,371637,,,0,100,CALL,1,1
16/10/2021 00:00,41,,296513,362152,,,0,100,CALL,1,1
16/10/2021 00:00,41,,297271,372514,,,0,100,CALL,1,1
16/10/2021 00:00,41,,296540,371673,,,100,100,CALL,1,1
16/10/2021 00:00,41,,296405,371522,BAF0718418,AS,0,100,CALL,1,1
16/10/2021 00:00,41,,296665,371106,,,0,0,CALL,1,0
16/10/2021 00:00,41,,296771,371729,,,0,0,CALL,1,0
16/10/2021 00:00,41,,296120,355201,,,100,100,CALL,1,1
16/10/2021 00:00,41,,297900,373239,BAF0765663,AS,0,100,CALL,1,1
16/10/2021 00:00,41,,297692,373016,BAF0765661,AS,0,100,CALL,1,1
16/10/2021 00:00,41,,296019,371003,,,100,100,CALL,1,1
16/10/2021 00:00,41,,296372,371498,,,100,100,CALL,1,1
16/10/2021 00:00,41,,298168,373677,,,0,0,CALL,1,0
16/10/2021 00:00,41,,297775,373071,,,0,0,CALL,1,0
16/10/2021 00:00,41,,298072,373460,,,0,0,CALL,1,0
16/10/2021 00:00,41,,296128,371214,,,0,100,CALL,1,1
16/10/2021 00:00,41,,297001,372209,,,0,100,CALL,1,1
16/10/2021 00:00,41,,296254,368710,,,100,100,CALL,1,1
16/10/2021 00:00,41,,296232,371175,BAF0765362,AC,100,600,CALL,1,1
17/10/2021 00:00,41,,300256,376285,,,0,0,CALL,1,0
17/10/2021 00:00,41,,298758,374580,,,0,100,CALL,1,1
17/10/2021 00:00,41,,300033,376014,BAF0718456,AC,88,100,CALL,1,1
17/10/2021 00:00,41,,300082,376051,BAF0718454,AC,100,100,CALL,1,1
17/10/2021 00:00,41,,299323,375224,,,0,0,CALL,1,0
17/10/2021 00:00,41,,300288,376345,BAF0718441,AC,0,100,CALL,1,1
17/10/2021 00:00,41,,300248,376282,BAF0718445,BL,0,100,CALL,1,1
17/10/2021 00:00,41,,300242,376279,BAF0718446,AC,0,100,CALL,1,1
17/10/2021 00:00,41,,298316,373979,BAF0718334,AS,100,100,CALL,1,1
17/10/2021 00:00,41,,300241,376251,BAF0718442,AS,110,110,CALL,1,1
17/10/2021 00:00,41,,299458,374046,BAF0718318,AS,100,100,CALL,1,1
17/10/2021 00:00,41,,299591,375516,,,0,0,CALL,1,0
17/10/2021 00:00,41,,300211,376240,BAF0765598,AC,0,100,CALL,1,1
17/10/2021 00:00,41,,299417,359895,,,0,0,CALL,1,0
17/10/2021 00:00,41,,299937,375546,BAF0718455,AC,80,100,CALL,1,1
17/10/2021 00:00,41,,299942,375876,BAF0718458,AS,0,100,CALL,1,1
17/10/2021 00:00,41,,299698,375647,BAF0718459,AS,0,100,CALL,1,1
17/10/2021 00:00,41,,300104,376086,BAF0718453,AS,0,100,CALL,1,1
17/10/2021 00:00,41,,299563,375501,,,0,0,CALL,1,0
17/10/2021 00:00,41,,298809,374625,,,0,0,CALL,1,0
17/10/2021 00:00,41,,298939,374026,,,100,100,CALL,1,1
17/10/2021 00:00,41,,299777,375746,BAF0718312,AC,100,100,CALL,1,1
17/10/2021 00:00,41,,298619,374334,,,0,100,CALL,1,1
17/10/2021 00:00,41,,299429,375342,BAF0765591,AS,0,100,CALL,1,1
17/10/2021 00:00,41,,300032,376011,,,100,100,CALL,1,1
17/10/2021 00:00,41,,298334,374125,,,0,100,CALL,1,1
17/10/2021 00:00,41,,299940,375915,BAF0718447,AC,100,100,CALL,1,1
17/10/2021 00:00,41,,300261,376312,,,0,0,CALL,1,0
17/10/2021 00:00,41,,300237,373667,,,0,0,CALL,1,0
17/10/2021 00:00,41,,300091,376006,,,0,0,CALL,1,0
17/10/2021 00:00,41,,299363,375278,,,0,0,CALL,1,0
17/10/2021 00:00,41,,298218,373779,BAF0718394,AC,0,100,CALL,1,1
18/10/2021 00:00,42,,302243,378821,,,0,100,CALL,1,1
18/10/2021 00:00,42,,302224,378793,,,0,200,CALL,1,1
18/10/2021 00:00,42,,302265,378855,,,0,100,CALL,1,1
18/10/2021 00:00,42,,302059,377627,,,0,0,CALL,1,0
18/10/2021 00:00,42,,301917,378408,,,0,0,CALL,1,0
18/10/2021 00:00,42,,301709,378159,,,0,0,CALL,1,0
18/10/2021 00:00,42,,301109,377398,,,0,0,CALL,1,0
18/10/2021 00:00,42,,300956,377249,BAF0718417,AC,2.7,199,CALL,1,1
18/10/2021 00:00,42,,302248,378832,,,0,0,CALL,1,0
18/10/2021 00:00,42,,302222,378791,,,0,0,CALL,1,0
18/10/2021 00:00,42,,300920,377035,,,0,0,CALL,1,0
18/10/2021 00:00,42,,301903,378385,BAF0718487,AC,35,50,CALL,1,1
18/10/2021 00:00,42,,300660,376910,BAF0718420,AS,0,100,CALL,1,1
18/10/2021 00:00,42,,300938,376840,,,100,100,CALL,1,1
18/10/2021 00:00,42,,300856,377150,,,200,200,CALL,1,1
18/10/2021 00:00,42,,300626,376876,,,0,0,CALL,1,0
18/10/2021 00:00,42,,300464,368158,,,0,0,CALL,1,0
18/10/2021 00:00,42,,301190,377542,,,100,100,CALL,1,1
18/10/2021 00:00,42,,301062,377382,BAF0765607,AS,0,100,CALL,1,1
18/10/2021 00:00,42,,301119,377452,,,100,100,CALL,1,1
18/10/2021 00:00,42,,302256,378847,,,0,0,CALL,1,0
18/10/2021 00:00,42,,301476,377617,,,100,100,CALL,1,1
18/10/2021 00:00,42,,301662,378076,,,0,0,CALL,1,0
18/10/2021 00:00,42,,301808,378249,BAF0718408,AC,300,200,CALL,1,1
18/10/2021 00:00,42,,301011,377329,,,0,0,CALL,1,0
18/10/2021 00:00,42,,301650,378078,BAF0765617,AS,0,100,CALL,1,1
18/10/2021 00:00,42,,300618,376868,,,0,0,CALL,1,0
19/10/2021 00:00,42,,302598,379372,,,0,0,CALL,1,0
19/10/2021 00:00,42,,303224,380075,,,0,0,CALL,1,0
19/10/2021 00:00,42,,302471,379206,,,1.38,1.38,CALL,1,0
19/10/2021 00:00,42,,304063,381062,,,0,0,CALL,1,0
19/10/2021 00:00,42,,304133,381088,,,200,100,CALL,1,1
19/10/2021 00:00,42,,303022,379782,,,0,0,CALL,1,0
19/10/2021 00:00,42,,303670,380619,,,0,0,CALL,1,0
19/10/2021 00:00,42,,304121,381150,,,0,0,CALL,1,0
19/10/2021 00:00,42,,302494,379247,,,0,100,CALL,1,1
19/10/2021 00:00,42,,304344,381431,,,100,100,CALL,1,1
19/10/2021 00:00,42,,303481,380258,,,259,250,CALL,1,1
19/10/2021 00:00,42,,304383,381495,,,0,0,CALL,1,0
19/10/2021 00:00,42,,304048,381057,,,0,100,CALL,1,1
19/10/2021 00:00,42,,303328,378015,BAF0765634,AC,700,700,CALL,1,1
19/10/2021 00:00,42,,303260,380167,,,100,100,CALL,1,1
19/10/2021 00:00,42,,303353,380251,BAF0765635,AC,14.16,250,CALL,1,1
19/10/2021 00:00,42,,302362,369639,BAF0718399,AC,0,100,CALL,1,1
19/10/2021 00:00,42,,303804,380785,BAF0765696,AS,100,100,CALL,1,1
19/10/2021 00:00,42,,304007,380822,,,0,0,CALL,1,0
19/10/2021 00:00,42,,303887,380874,,,0,0,CALL,1,0
19/10/2021 00:00,42,,303369,380277,,,0,0,CALL,1,0
19/10/2021 00:00,42,,303779,380764,BAF0765702,AC,150,450,CALL,1,1
19/10/2021 00:00,42,,304364,381456,,,0,0,CALL,1,0
19/10/2021 00:00,42,,304291,381326,,,0,0,CALL,1,0
19/10/2021 00:00,42,,304021,381023,,,0,125,CALL,1,1
19/10/2021 00:00,42,,303370,380282,,,0,0,CALL,1,0
19/10/2021 00:00,42,,304267,380705,,,0,0,CALL,1,0
19/10/2021 00:00,42,,303706,380675,,,0,0,CALL,1,0
19/10/2021 00:00,42,,302855,379688,,,0,0,CALL,1,0
19/10/2021 00:00,42,,304168,381198,BAF0765180,AS,100,100,CALL,1,1
19/10/2021 00:00,42,,303394,362345,,,0,0,CALL,1,0
19/10/2021 00:00,42,,303440,380354,,,0,0,CALL,1,0
19/10/2021 00:00,42,,303620,380533,BAF0718503,AS,100,100,CALL,1,1
19/10/2021 00:00,42,,303284,380128,,,200,200,CALL,1,1
19/10/2021 00:00,42,,303214,380083,BAF0765627,AS,0,100,CALL,1,1
19/10/2021 00:00,42,,303177,369638,,,0,100,CALL,1,1
19/10/2021 00:00,42,,303760,379600,,,0,0,CALL,1,0
19/10/2021 00:00,42,,304295,381336,,,0,0,CALL,1,0
19/10/2021 00:00,42,,304109,376922,,,0,0,CALL,1,0
19/10/2021 00:00,42,,304000,381000,BAF0765698,AS,100,100,CALL,1,1
19/10/2021 00:00,42,,304036,380970,,,0,0,CALL,1,0
19/10/2021 00:00,42,,303919,380440,BAF0765693,AC,100,100,CALL,1,1
19/10/2021 00:00,42,,304071,380932,,,0,0,CALL,1,0
19/10/2021 00:00,42,,304282,381329,,,0,0,CALL,1,0
19/10/2021 00:00,42,,304173,381206,BAF0765706,AS,100,100,CALL,1,1
19/10/2021 00:00,42,,303959,380940,,,100,100,CALL,1,1
19/10/2021 00:00,42,,304243,381294,,,50,50,CALL,1,0
19/10/2021 00:00,42,,304349,381440,,,100,100,CALL,1,1
19/10/2021 00:00,42,,303933,380929,,,0,0,CALL,1,0
19/10/2021 00:00,42,,304101,381052,,,0,0,CALL,1,0
19/10/2021 00:00,42,,303639,380579,,,0,0,CALL,1,0
19/10/2021 00:00,42,,302930,379786,,,100,100,CALL,1,1
19/10/2021 00:00,42,,303281,380191,,,100,100,CALL,1,1
19/10/2021 00:00,42,,304093,381051,,,0,0,CALL,1,0
19/10/2021 00:00,42,,304251,381287,,,0,0,CALL,1,0
19/10/2021 00:00,42,,304078,381082,BAF0574533,AC,7.41,1312.31,CALL,1,1
19/10/2021 00:00,42,,303288,380204,,,0,0,CALL,1,0
19/10/2021 00:00,42,,304328,381396,,,100,100,CALL,1,1
19/10/2021 00:00,42,,303683,380635,,,0,0,CALL,1,0
20/10/2021 00:00,42,,304813,382084,,,0,0,CALL,1,0
20/10/2021 00:00,42,,304837,382135,,,0,100,CALL,1,1
20/10/2021 00:00,42,,304917,382279,,,0,100,CALL,1,1
20/10/2021 00:00,42,,304900,201930,BAF0718504,AS,100,100,CALL,1,1
20/10/2021 00:00,42,,305742,383208,,,0,0,CALL,1,0
20/10/2021 00:00,42,,304882,382204,,,100,100,CALL,1,1
20/10/2021 00:00,42,,305549,382712,,,100,100,CALL,1,1
20/10/2021 00:00,42,,305974,383466,,,0,0,CALL,1,0
20/10/2021 00:00,42,,306261,380967,,,50,50,CALL,1,0
20/10/2021 00:00,42,,304869,382192,,,0,0,CALL,1,0
20/10/2021 00:00,42,,304755,382018,,,0,139.32,CALL,1,1
20/10/2021 00:00,42,,305874,383364,,,0,0,CALL,1,0
20/10/2021 00:00,42,,304721,381971,,,0,100,CALL,1,1
20/10/2021 00:00,42,,306363,383940,,,0,0,CALL,1,0
20/10/2021 00:00,42,,305597,383049,,,0,100,CALL,1,1
20/10/2021 00:00,42,,304718,364944,BAF0765736,AC,100,100,CALL,1,1
20/10/2021 00:00,42,,305247,380800,,,0,0,CALL,1,0
20/10/2021 00:00,42,,306018,383525,,,100,100,CALL,1,1
20/10/2021 00:00,42,,304861,382179,,,100,100,CALL,1,1
20/10/2021 00:00,42,,305248,382604,,,0,0,CALL,1,0
20/10/2021 00:00,42,,304641,381845,,,500,500,CALL,1,1
20/10/2021 00:00,42,,306314,383856,BAF0765466,AS,0,100,CALL,1,1
20/10/2021 00:00,42,,304665,381818,,,100,100,CALL,1,1
20/10/2021 00:00,42,,304726,381956,,,100,100,CALL,1,1
20/10/2021 00:00,42,,306164,383697,,,750,1000,CALL,1,1
20/10/2021 00:00,42,,306288,380232,,,0,0,CALL,1,0
20/10/2021 00:00,42,,305866,383339,,,0,0,CALL,1,0
20/10/2021 00:00,42,,304723,381976,,,0,0,CALL,1,0
20/10/2021 00:00,42,,304413,381531,,,100,200,CALL,1,1
20/10/2021 00:00,42,,304475,381535,,,0,800,CALL,1,1
20/10/2021 00:00,42,,305582,383038,,,0,0,CALL,1,0
20/10/2021 00:00,42,,304697,381945,,,0,100,CALL,1,1
20/10/2021 00:00,42,,306089,383628,,,0,100,CALL,1,1
20/10/2021 00:00,42,,306207,383773,,,0,100,CALL,1,1
20/10/2021 00:00,42,,306135,383675,,,0,100,CALL,1,1
20/10/2021 00:00,42,,304648,381868,,,0,100,CALL,1,1
20/10/2021 00:00,42,,305525,380753,BAF0765422,AC,0,100,CALL,1,1
20/10/2021 00:00,42,,306050,381209,,,0,0,CALL,1,0
20/10/2021 00:00,42,,304844,380214,,,0,0,CALL,1,0
20/10/2021 00:00,42,,305491,382918,,,0,0,CALL,1,0
20/10/2021 00:00,42,,305048,380175,BAF0718507,AC,400,300,CALL,1,1
20/10/2021 00:00,42,,306056,383561,,,0,0,CALL,1,0
20/10/2021 00:00,42,,304781,382038,,,0,0,CALL,1,0
20/10/2021 00:00,42,,305444,382875,,,100,100,CALL,1,1
20/10/2021 00:00,42,,305408,382827,,,200,100,CALL,1,1
20/10/2021 00:00,42,,304819,382006,BAF0718509,AC,3000,5000,CALL,1,1
20/10/2021 00:00,42,,304799,381026,,,0,0,CALL,1,0
20/10/2021 00:00,42,,304946,382304,,,150,350,CALL,1,1
20/10/2021 00:00,42,,304816,382082,,,0,0,CALL,1,0
20/10/2021 00:00,42,,304982,382320,,,0,0,CALL,1,0
20/10/2021 00:00,42,,305610,383013,,,0,100,CALL,1,1
20/10/2021 00:00,42,,304980,382361,,,0,0,CALL,1,0
20/10/2021 00:00,42,,305156,382419,,,0,0,CALL,1,0
20/10/2021 00:00,42,,304598,381796,,,100,100,CALL,1,1
20/10/2021 00:00,42,,306349,383914,,,0,100,CALL,1,1
20/10/2021 00:00,42,,306377,383948,,,0,0,CALL,1,0
20/10/2021 00:00,42,,306484,384085,BAF0765454,AC,100,100,CALL,1,1
20/10/2021 00:00,42,,304575,381773,,,0,0,CALL,1,0
20/10/2021 00:00,42,,304550,381761,,,0,0,CALL,1,0
20/10/2021 00:00,42,,304978,382364,,,0,0,CALL,1,0
21/10/2021 00:00,42,,308085,386142,,,0,0,CALL,1,0
21/10/2021 00:00,42,,306918,384760,,,0,0,CALL,1,0
21/10/2021 00:00,42,,308083,386160,,,0,0,CALL,1,0
21/10/2021 00:00,42,,308410,386560,,,0,100,CALL,1,1
21/10/2021 00:00,42,,308414,386566,,,100,100,CALL,1,1
21/10/2021 00:00,42,,308453,386623,,,0,0,CALL,1,0
21/10/2021 00:00,42,,306699,384426,,,0,0,CALL,1,0
21/10/2021 00:00,42,,307324,383438,,,100,100,CALL,1,1
21/10/2021 00:00,42,,307077,384929,BAF0765585,AS,100,100,CALL,1,1
21/10/2021 00:00,42,,308072,386079,BAF0765413,AS,100,100,CALL,1,1
21/10/2021 00:00,42,,308110,384632,,,0,0,CALL,1,0
21/10/2021 00:00,42,,308249,386176,BAF0765279,AS,100,100,CALL,1,1
21/10/2021 00:00,42,,308346,386467,,,0,0,CALL,1,0
21/10/2021 00:00,42,,307407,385356,,,0,0,CALL,1,0
21/10/2021 00:00,42,,306844,384623,,,0,0,CALL,1,0
21/10/2021 00:00,42,,307934,385999,,,0,0,CALL,1,0
21/10/2021 00:00,42,,307384,385299,BAF0765220,AC,300,200,CALL,1,1
21/10/2021 00:00,42,,307857,385902,BAF0765436,AS,100,100,CALL,1,1
21/10/2021 00:00,42,,306786,384045,,,100,100,CALL,1,1
21/10/2021 00:00,42,,307854,385903,,,100,100,CALL,1,1
21/10/2021 00:00,42,,307163,385040,BAF0765581,AS,100,100,CALL,1,1
21/10/2021 00:00,42,,307410,385345,,,0,0,CALL,1,0
21/10/2021 00:00,42,,307790,385818,,,0,0,CALL,1,0
21/10/2021 00:00,42,,307042,384895,,,0,0,CALL,1,0
21/10/2021 00:00,42,,307613,385598,,,600,600,CALL,1,1
21/10/2021 00:00,42,,308040,386123,,,100,100,CALL,1,1
21/10/2021 00:00,42,,306650,384361,,,0,0,CALL,1,0
21/10/2021 00:00,42,,307557,384971,BAF0765572,AS,100,100,CALL,1,1
21/10/2021 00:00,42,,307046,384903,,,0,0,CALL,1,0
21/10/2021 00:00,42,,307460,385414,,,0,0,CALL,1,0
21/10/2021 00:00,42,,306685,384412,,,0,0,CALL,1,0
21/10/2021 00:00,42,,306697,384434,BAF0765552,AS,0,100,CALL,1,1
21/10/2021 00:00,42,,307111,384980,,,50,50,CALL,1,0
21/10/2021 00:00,42,,307832,385881,,,0,0,CALL,1,0
21/10/2021 00:00,42,,306621,384299,BAF0765440,AS,100,100,CALL,1,1
21/10/2021 00:00,42,,306652,384372,BAF0765443,AS,100,100,CALL,1,1
21/10/2021 00:00,42,,306688,384413,,,0,0,CALL,1,0
21/10/2021 00:00,42,,307722,380657,,,0,0,CALL,1,0
21/10/2021 00:00,42,,306602,384307,,,0,0,CALL,1,0
21/10/2021 00:00,42,,308027,385501,,,0,0,CALL,1,0
21/10/2021 00:00,42,,307169,385037,,,0,0,CALL,1,0
21/10/2021 00:00,42,,307193,385049,BAF0765582,AS,100,100,CALL,1,1
21/10/2021 00:00,42,,308379,386516,,,0,0,CALL,1,0
22/10/2021 00:00,42,,310434,386951,,,0,0,CALL,1,0
22/10/2021 00:00,42,,309693,388050,,,0,0,CALL,1,0
22/10/2021 00:00,42,,309247,387552,,,0,0,CALL,1,0
22/10/2021 00:00,42,,309305,387600,,,0,0,CALL,1,0
22/10/2021 00:00,42,,308720,386963,,,0,0,CALL,1,0
22/10/2021 00:00,42,,308811,387049,,,0.01,100,CALL,1,1
22/10/2021 00:00,42,,308695,385898,,,,,CALL,1,0
22/10/2021 00:00,42,,310427,388834,,,0,0,CALL,1,0
22/10/2021 00:00,42,,310432,388896,,,0,0,CALL,1,0
22/10/2021 00:00,42,,309467,387792,,,0,0,CALL,1,0
22/10/2021 00:00,42,,308567,386785,,,0,0,CALL,1,0
22/10/2021 00:00,42,,310518,389017,,,0,150,CALL,1,1
22/10/2021 00:00,42,,309878,388288,,,0,400,CALL,1,1
22/10/2021 00:00,42,,310457,388924,,,100.01,100,CALL,1,1
22/10/2021 00:00,42,,309937,388348,,,0,0,CALL,1,0
22/10/2021 00:00,42,,310237,388693,,,0,150,CALL,1,1
22/10/2021 00:00,42,,310501,388993,,,0.01,100,CALL,1,1
22/10/2021 00:00,42,,310520,389020,,,100,100,CALL,1,1
22/10/2021 00:00,42,,308472,386659,,,0,100,CALL,1,1
22/10/2021 00:00,42,,310157,388582,BAF0765275,AC,0,100,CALL,1,1
22/10/2021 00:00,42,,309256,387522,,,0,0,CALL,1,0
22/10/2021 00:00,42,,309176,387469,BAF0765519,AS,0,100,CALL,1,1
22/10/2021 00:00,42,,310490,388934,BAF0765302,AS,100,100,CALL,1,1
22/10/2021 00:00,42,,310087,387278,,,0,0,CALL,1,0
22/10/2021 00:00,42,,308774,386579,,,200,100,CALL,1,1
22/10/2021 00:00,42,,309028,333996,,,0,0,CALL,1,0
22/10/2021 00:00,42,,308533,386752,,,0,0,CALL,1,0
22/10/2021 00:00,42,,308551,386767,,,0,0,CALL,1,0
22/10/2021 00:00,42,,308513,385767,,,100,100,CALL,1,1
22/10/2021 00:00,42,,308659,386876,BAF0765510,AC,100.01,100,CALL,1,1
22/10/2021 00:00,42,,309721,387474,,,0,0,CALL,1,0
22/10/2021 00:00,42,,309178,387455,,,100.01,100,CALL,1,1
22/10/2021 00:00,42,,308745,386936,,,0,0,CALL,1,0
22/10/2021 00:00,42,,309611,387748,,,0,100,CALL,1,1
22/10/2021 00:00,42,,310062,388333,,,100,400,CALL,1,1
22/10/2021 00:00,42,,309479,387800,,,0,0,CALL,1,0
22/10/2021 00:00,42,,310413,382096,,,0,0,CALL,1,0
22/10/2021 00:00,42,,310512,389014,,,100,100,CALL,1,1
22/10/2021 00:00,42,,308867,387041,,,0,0,CALL,1,0
22/10/2021 00:00,42,,310346,388796,BAF0765271,AC,100.01,100,CALL,1,1
22/10/2021 00:00,42,,308709,386916,,,0,0,CALL,1,0
22/10/2021 00:00,42,,309487,385245,,,100,100,CALL,1,1
22/10/2021 00:00,42,,310048,388472,,,100,100,CALL,1,1
22/10/2021 00:00,42,,310313,388753,,,0,0,CALL,1,0
22/10/2021 00:00,42,,308516,385637,,,0,0,CALL,1,0
22/10/2021 00:00,42,,308848,387104,,,100.01,100,CALL,1,1
22/10/2021 00:00,42,,310429,388892,BAF0765265,AC,70.01,100,CALL,1,1
22/10/2021 00:00,42,,310477,388957,,,100.01,100,CALL,1,1
22/10/2021 00:00,42,,309933,388322,,,100,100,CALL,1,1
22/10/2021 00:00,42,,309138,387419,,,100,100,CALL,1,1
22/10/2021 00:00,42,,309568,387767,,,100,100,CALL,1,1
22/10/2021 00:00,42,,310508,388728,,,0,0,CALL,1,0
22/10/2021 00:00,42,,308478,386664,,,100.01,100,CALL,1,1
22/10/2021 00:00,42,,309465,387692,,,0,0,CALL,1,0
22/10/2021 00:00,42,,308569,386788,,,0,100,CALL,1,1
22/10/2021 00:00,42,,309350,387648,,,0,0,CALL,1,0
22/10/2021 00:00,42,,310152,388378,,,0,0,CALL,1,0
22/10/2021 00:00,42,,308515,386732,,,0,0,CALL,1,0
22/10/2021 00:00,42,,309639,359888,,,0,0,CALL,1,0
22/10/2021 00:00,42,,310310,388759,,,100.01,100,CALL,1,1
22/10/2021 00:00,42,,309441,387756,,,0,0,CALL,1,0
23/10/2021 00:00,42,,311555,390249,,,100,100,CALL,1,1
23/10/2021 00:00,42,,311900,390673,BAF0765306,AS,0,100,CALL,1,1
23/10/2021 00:00,42,,312324,391158,BAF0765300,AS,0,100,CALL,1,1
23/10/2021 00:00,42,,312542,391413,,,0,100,CALL,1,1
23/10/2021 00:00,42,,312534,385863,,,0,0,CALL,1,0
23/10/2021 00:00,42,,310576,389103,,,100,100,CALL,1,1
23/10/2021 00:00,42,,310756,389378,,,0,100,CALL,1,1
23/10/2021 00:00,42,,312588,391462,,,0,100,CALL,1,1
23/10/2021 00:00,42,,310694,389302,BAF0765323,AS,0,100,CALL,1,1
23/10/2021 00:00,42,,311479,389837,,,100,100,CALL,1,1
23/10/2021 00:00,42,,311623,390347,BAF0558968,AS,100,100,CALL,1,1
23/10/2021 00:00,42,,311536,390238,,,0,0,CALL,1,0
23/10/2021 00:00,42,,312531,355053,,,1529,120,CALL,1,1
23/10/2021 00:00,42,,310642,389222,,,100,100,CALL,1,1
23/10/2021 00:00,42,,310900,389525,,,100,100,CALL,1,1
23/10/2021 00:00,42,,312635,386874,,,0,200,CALL,1,1
23/10/2021 00:00,42,,310748,389373,,,100,100,CALL,1,1
23/10/2021 00:00,42,,310712,389307,,,100,100,CALL,1,1
23/10/2021 00:00,42,,312456,390902,,,100,100,CALL,1,1
23/10/2021 00:00,42,,312352,391198,,,0,0,CALL,1,0
23/10/2021 00:00,42,,310667,389274,BAF0765253,AS,100,100,CALL,1,1
23/10/2021 00:00,42,,311209,389867,,,0,0,CALL,1,0
23/10/2021 00:00,42,,310703,389240,,,100,100,CALL,1,1
23/10/2021 00:00,42,,310793,389406,BAF0765322,AS,100,100,CALL,1,1
23/10/2021 00:00,42,,310879,389490,BAF0765320,AS,100,100,CALL,1,1
23/10/2021 00:00,42,,310938,389573,BAF0765318,AC,30,100,CALL,1,1
23/10/2021 00:00,42,,310812,384531,BAF0765321,AS,0,100,CALL,1,1
23/10/2021 00:00,42,,310960,389571,BAF0765314,AS,100,100,CALL,1,1
23/10/2021 00:00,42,,312356,391214,,,100,100,CALL,1,1
23/10/2021 00:00,42,,312683,391579,,,0,100,CALL,1,1
23/10/2021 00:00,42,,311963,390700,,,0,0,CALL,1,0
23/10/2021 00:00,42,,311404,378899,,,0,0,CALL,1,0
23/10/2021 00:00,42,,311042,389696,,,100,100,CALL,1,1
23/10/2021 00:00,42,,312644,391537,,,100,100,CALL,1,1
23/10/2021 00:00,42,,311330,390008,,,130,200,CALL,1,1
23/10/2021 00:00,42,,311170,389831,,,0,100,CALL,1,1
23/10/2021 00:00,42,,311632,390351,,,0,0,CALL,1,0
23/10/2021 00:00,42,,311765,390511,,,0,0,CALL,1,0
24/10/2021 00:00,42,,314698,393913,,,0,0,CALL,1,0
24/10/2021 00:00,42,,314672,393891,,,0,0,CALL,1,0
24/10/2021 00:00,42,,314714,393938,,,0,0,CALL,1,0
24/10/2021 00:00,42,,314576,393723,,,0,0,CALL,1,0
24/10/2021 00:00,42,,314237,373702,,,100,100,CALL,1,1
24/10/2021 00:00,42,,313374,392424,,,100,100,CALL,1,1
24/10/2021 00:00,42,,314727,393944,,,0,100,CALL,1,1
24/10/2021 00:00,42,,313302,392317,,,0,100,CALL,1,1
24/10/2021 00:00,42,,313735,392850,BAF0765230,AS,100,100,CALL,1,1
24/10/2021 00:00,42,,313352,392420,BAF0765231,AS,100,100,CALL,1,1
24/10/2021 00:00,42,,314726,393947,,,100,100,CALL,1,1
24/10/2021 00:00,42,,314758,386795,,,0,0,CALL,1,0
24/10/2021 00:00,42,,312744,391689,,,0,0,CALL,1,0
24/10/2021 00:00,42,,313978,393105,,,0,0,CALL,1,0
24/10/2021 00:00,42,,313433,392512,,,0,100,CALL,1,1
24/10/2021 00:00,42,,314661,393868,BAF0581837,AC,75.85,689.3,CALL,1,1
24/10/2021 00:00,42,,312749,391690,,,0,0,CALL,1,0
24/10/2021 00:00,42,,314654,393842,,,100,100,CALL,1,1
24/10/2021 00:00,42,,312736,389193,,,0,100,CALL,1,1
24/10/2021 00:00,42,,314186,393325,,,0,0,CALL,1,0
24/10/2021 00:00,42,,313847,392966,,,100.96,100.96,CALL,1,1
24/10/2021 00:00,42,,314529,393733,,,100,100,CALL,1,1
24/10/2021 00:00,42,,314827,394093,,,0,300,CALL,1,1
24/10/2021 00:00,42,,312737,391672,BAF0765237,AC,100,100,CALL,1,1
24/10/2021 00:00,42,,313934,384439,,,0,70,CALL,1,0
25/10/2021 00:00,43,,314961,394326,,,0,0,CALL,1,0
25/10/2021 00:00,43,,315445,394879,,,0,0,CALL,1,0
25/10/2021 00:00,43,,315052,348316,,,0,0,CALL,1,0
25/10/2021 00:00,43,,316341,395959,,,0,100,CALL,1,1
25/10/2021 00:00,43,,316449,396066,BAF0765185,AS,0,100,CALL,1,1
25/10/2021 00:00,43,,316416,396045,,,100,100,CALL,1,1
25/10/2021 00:00,43,,315024,394373,,,0,100,CALL,1,1
25/10/2021 00:00,43,,315849,395371,,,0,0,CALL,1,0
25/10/2021 00:00,43,,315312,394724,,,100,100,CALL,1,1
25/10/2021 00:00,43,,315716,394762,BAF0765249,AS,0,100,CALL,1,1
25/10/2021 00:00,43,,315162,394559,BAF0719429,AS,100,100,CALL,1,1
25/10/2021 00:00,43,,315273,394685,,,0,0,CALL,1,0
25/10/2021 00:00,43,,315149,394535,,,0,0,CALL,1,0
25/10/2021 00:00,43,,315972,362727,,,0,0,CALL,1,0
25/10/2021 00:00,43,,316450,394743,,,0,0,CALL,1,0
25/10/2021 00:00,43,,315303,394704,,,0,0,CALL,1,0
25/10/2021 00:00,43,,314962,392673,,,0,0,CALL,1,0
25/10/2021 00:00,43,,315112,394404,,,0,0,CALL,1,0
25/10/2021 00:00,43,,315836,395380,,,0,0,CALL,1,0
25/10/2021 00:00,43,,316128,395685,,,0,0,CALL,1,0
25/10/2021 00:00,43,,315834,395375,,,0,0,CALL,1,0
25/10/2021 00:00,43,,316206,395779,,,0,0,CALL,1,0
25/10/2021 00:00,43,,316516,396129,,,100,100,CALL,1,1
25/10/2021 00:00,43,,314990,394357,,,0,0,CALL,1,0
25/10/2021 00:00,43,,315377,394799,BAF0718859,AS,100,100,CALL,1,1
25/10/2021 00:00,43,,316294,395938,BAF0765242,AS,100,100,CALL,1,1
25/10/2021 00:00,43,,316538,396204,BAF0765178,AC,100,100,CALL,1,1
25/10/2021 00:00,43,,316570,396253,,,100,100,CALL,1,1
25/10/2021 00:00,43,,315229,385437,,,101.22,101.21,CALL,1,1
25/10/2021 00:00,43,,316545,396214,,,0,100,CALL,1,1
25/10/2021 00:00,43,,316550,396228,,,100,100,CALL,1,1
25/10/2021 00:00,43,,316412,396052,,,100,100,CALL,1,1
25/10/2021 00:00,43,,316455,396103,,,100,100,CALL,1,1
25/10/2021 00:00,43,,315669,395179,,,0,0,CALL,1,0
25/10/2021 00:00,43,,316505,396155,,,0,100,CALL,1,1
25/10/2021 00:00,43,,316329,395790,,,0,0,CALL,1,0
25/10/2021 00:00,43,,316060,395616,BAF0765184,AS,0,100,CALL,1,1
25/10/2021 00:00,43,,316001,395559,,,47.8,47.8,CALL,1,0
25/10/2021 00:00,43,,316309,395664,,,0,0,CALL,1,0
25/10/2021 00:00,43,,316073,395625,,,0,0,CALL,1,0
25/10/2021 00:00,43,,316013,395547,,,0,0,CALL,1,0
25/10/2021 00:00,43,,316327,395964,,,0,0,CALL,1,0
25/10/2021 00:00,43,,316386,395758,,,0,0,CALL,1,0
25/10/2021 00:00,43,,316414,396061,,,0,100,CALL,1,1
25/10/2021 00:00,43,,316135,395568,BAF0696671,AC,100,100,CALL,1,1
25/10/2021 00:00,43,,316569,396255,,,0,0,CALL,1,0
25/10/2021 00:00,43,,316520,396185,,,0,200,CALL,1,1
25/10/2021 00:00,43,,316473,396105,,,100,100,CALL,1,1
25/10/2021 00:00,43,,316431,396080,,,0,0,CALL,1,0
25/10/2021 00:00,43,,316477,396127,BAF0765183,AC,100,100,CALL,1,1
25/10/2021 00:00,43,,315538,394973,,,0,0,CALL,1,0
25/10/2021 00:00,43,,315212,364901,,,0,0,CALL,1,0
25/10/2021 00:00,43,,315237,394633,,,0,0,CALL,1,0
25/10/2021 00:00,43,,315077,394437,,,100,100,CALL,1,1
25/10/2021 00:00,43,,316397,396033,,,100,100,CALL,1,1
25/10/2021 00:00,43,,316015,395554,,,300,300,CALL,1,1
26/10/2021 00:00,43,,317985,397964,,,100,100,CALL,1,1
26/10/2021 00:00,43,,318481,398543,,,100,200,CALL,1,1
26/10/2021 00:00,43,,316818,396616,,,0,100,CALL,1,1
26/10/2021 00:00,43,,316930,396742,,,0,0,CALL,1,0
26/10/2021 00:00,43,,317258,397113,,,100,100,CALL,1,1
26/10/2021 00:00,43,,317208,397057,,,0,100,CALL,1,1
26/10/2021 00:00,43,,318524,398593,,,100,100,CALL,1,1
26/10/2021 00:00,43,,316907,396727,,,0,100,CALL,1,1
26/10/2021 00:00,43,,318473,398534,,,0,0,CALL,1,0
26/10/2021 00:00,43,,318394,398442,,,0,0,CALL,1,0
26/10/2021 00:00,43,,318480,398538,,,100,100,CALL,1,1
26/10/2021 00:00,43,,317790,397709,,,100,100,CALL,1,1
26/10/2021 00:00,43,,317979,397980,,,100,100,CALL,1,1
26/10/2021 00:00,43,,317781,396596,,,0,0,CALL,1,0
26/10/2021 00:00,43,,318571,398699,,,100,100,CALL,1,1
26/10/2021 00:00,43,,318547,398643,,,100,100,CALL,1,1
26/10/2021 00:00,43,,318229,398250,,,0,0,CALL,1,0
26/10/2021 00:00,43,,317067,396880,,,0,0,CALL,1,0
26/10/2021 00:00,43,,318054,398068,,,100,100,CALL,1,1
26/10/2021 00:00,43,,317673,397632,,,0,100,CALL,1,1
26/10/2021 00:00,43,,316642,393703,,,100,100,CALL,1,1
26/10/2021 00:00,43,,317162,397014,,,0,100,CALL,1,1
26/10/2021 00:00,43,,317475,397372,,,0,0,CALL,1,0
26/10/2021 00:00,43,,316880,396697,,,100,100,CALL,1,1
26/10/2021 00:00,43,,317275,397132,,,100,100,CALL,1,1
26/10/2021 00:00,43,,318522,398624,,,0,0,CALL,1,0
26/10/2021 00:00,43,,318425,394451,,,0,0,CALL,1,0
26/10/2021 00:00,43,,318506,379883,,,0,0,CALL,1,0
26/10/2021 00:00,43,,318454,398516,,,100,100,CALL,1,1
26/10/2021 00:00,43,,318047,398067,,,100.01,100.01,CALL,1,1
26/10/2021 00:00,43,,317786,397761,,,50,50,CALL,1,0
26/10/2021 00:00,43,,318485,398554,,,50,50,CALL,1,0
26/10/2021 00:00,43,,316596,396289,,,0,100,CALL,1,1
26/10/2021 00:00,43,,316760,396561,,,100,100,CALL,1,1
26/10/2021 00:00,43,,317429,396451,,,0,0,CALL,1,0
26/10/2021 00:00,43,,316606,395884,,,0,0,CALL,1,0
26/10/2021 00:00,43,,318535,398647,,,0,0,CALL,1,0
26/10/2021 00:00,43,,317442,397337,,,0,0,CALL,1,0
26/10/2021 00:00,43,,317675,397623,,,0,100,CALL,1,1
26/10/2021 00:00,43,,317279,395556,,,0,0,CALL,1,0
26/10/2021 00:00,43,,318083,398111,,,0,0,CALL,1,0
26/10/2021 00:00,43,,317499,397281,,,0,0,CALL,1,0
26/10/2021 00:00,43,,317547,397470,,,0,0,CALL,1,0
26/10/2021 00:00,43,,318029,398042,,,0,0,CALL,1,0
26/10/2021 00:00,43,,317202,397065,,,100,100,CALL,1,1
26/10/2021 00:00,43,,317260,397119,,,0,100,CALL,1,1
26/10/2021 00:00,43,,317143,396998,,,100,100,CALL,1,1
26/10/2021 00:00,43,,317370,397249,,,100,100,CALL,1,1
26/10/2021 00:00,43,,317071,396920,BAF0765553,AC,100,100,CALL,1,1
26/10/2021 00:00,43,,316857,396664,,,100,100,CALL,1,1
26/10/2021 00:00,43,,317122,396549,,,0,0,CALL,1,0
26/10/2021 00:00,43,,317084,396934,,,0,0,CALL,1,0
26/10/2021 00:00,43,,317117,396956,,,0,0,CALL,1,0
26/10/2021 00:00,43,,317138,396973,,,1,1,CALL,1,0
26/10/2021 00:00,43,,316874,396679,,,0,0,CALL,1,0
26/10/2021 00:00,43,,317654,397598,,,0,100,CALL,1,1
26/10/2021 00:00,43,,317658,397596,,,0,100,CALL,1,1
26/10/2021 00:00,43,,317096,396538,,,100,100,CALL,1,1
26/10/2021 00:00,43,,317596,397527,,,100,100,CALL,1,1
26/10/2021 00:00,43,,317758,397713,,,100,100,CALL,1,1
26/10/2021 00:00,43,,318140,398139,,,100,200,CALL,1,1
26/10/2021 00:00,43,,316603,395563,,,100,100,CALL,1,1
26/10/2021 00:00,43,,317048,396882,,,0,0,CALL,1,0
26/10/2021 00:00,43,,318526,398630,,,0,0,CALL,1,0
26/10/2021 00:00,43,,317745,397635,,,0,100,CALL,1,1
26/10/2021 00:00,43,,317355,397240,,,0,0,CALL,1,0
26/10/2021 00:00,43,,317286,397145,,,100,100,CALL,1,1
26/10/2021 00:00,43,,316987,396804,,,0,0,CALL,1,0
26/10/2021 00:00,43,,317712,397667,,,0,0,CALL,1,0
26/10/2021 00:00,43,,317565,397501,,,0,0,CALL,1,0
26/10/2021 00:00,43,,317518,397434,,,0,0,CALL,1,0
27/10/2021 00:00,43,,320120,400595,,,0,0,CALL,1,0
27/10/2021 00:00,43,,318620,396190,,,100,100,CALL,1,1
27/10/2021 00:00,43,,320420,400863,,,0,100,CALL,1,1
27/10/2021 00:00,43,,320460,400999,,,0,0,CALL,1,0
27/10/2021 00:00,43,,320443,400917,,,100,100,CALL,1,1
27/10/2021 00:00,43,,318763,397384,,,0,100,CALL,1,1
27/10/2021 00:00,43,,319232,399493,,,100,100,CALL,1,1
27/10/2021 00:00,43,,320150,400622,,,100,100,CALL,1,1
27/10/2021 00:00,43,,319440,399413,,,0,0,CALL,1,0
27/10/2021 00:00,43,,319850,400215,,,100,100,CALL,1,1
27/10/2021 00:00,43,,318965,399214,,,100,200,CALL,1,1
27/10/2021 00:00,43,,318783,399025,,,0,0,CALL,1,0
27/10/2021 00:00,43,,319636,398866,,,0,0,CALL,1,0
27/10/2021 00:00,43,,320260,400767,,,0,100,CALL,1,1
27/10/2021 00:00,43,,319843,399288,,,0,0,CALL,1,0
27/10/2021 00:00,43,,318722,398938,,,0,200,CALL,1,1
27/10/2021 00:00,43,,318688,397727,,,0,0,CALL,1,0
27/10/2021 00:00,43,,320079,400309,,,100,100,CALL,1,1
27/10/2021 00:00,43,,318935,399134,,,0,0,CALL,1,0
27/10/2021 00:00,43,,320480,399515,,,0,0,CALL,1,0
27/10/2021 00:00,43,,320246,400686,,,100,100,CALL,1,1
27/10/2021 00:00,43,,319014,399268,,,0,100,CALL,1,1
27/10/2021 00:00,43,,318773,399013,,,0,0,CALL,1,0
27/10/2021 00:00,43,,319233,399507,,,0,0,CALL,1,0
27/10/2021 00:00,43,,319433,399696,,,0,0,CALL,1,0
27/10/2021 00:00,43,,320330,400801,,,0,0,CALL,1,0
27/10/2021 00:00,43,,319596,399891,,,0,0,CALL,1,0
27/10/2021 00:00,43,,319344,399641,,,0,100,CALL,1,1
27/10/2021 00:00,43,,319133,399352,,,100,100,CALL,1,1
27/10/2021 00:00,43,,318738,398970,,,0,0,CALL,1,0
27/10/2021 00:00,43,,319639,399930,,,0,0,CALL,1,0
27/10/2021 00:00,43,,319787,386775,,,0,0,CALL,1,0
27/10/2021 00:00,43,,320169,400667,BAF0708235,AC,100,100,CALL,1,1
27/10/2021 00:00,43,,320141,400634,,,0,0,CALL,1,0
27/10/2021 00:00,43,,319119,399392,,,50,50,CALL,1,0
27/10/2021 00:00,43,,319057,399168,,,0,0,CALL,1,0
27/10/2021 00:00,43,,319420,399584,,,0,0,CALL,1,0
27/10/2021 00:00,43,,319266,395480,,,0,0,CALL,1,0
27/10/2021 00:00,43,,319657,395513,,,0,0,CALL,1,0
27/10/2021 00:00,43,,320362,400867,,,0,0,CALL,1,0
27/10/2021 00:00,43,,320374,400878,,,0,0,CALL,1,0
27/10/2021 00:00,43,,319732,400060,,,0,100,CALL,1,1
27/10/2021 00:00,43,,318643,398871,,,100,100,CALL,1,1
27/10/2021 00:00,43,,318594,398751,,,100,100,CALL,1,1
27/10/2021 00:00,43,,319494,398446,,,0,0,CALL,1,0
27/10/2021 00:00,43,,318663,398892,,,100,100,CALL,1,1
27/10/2021 00:00,43,,319456,399748,,,0,0,CALL,1,0
27/10/2021 00:00,43,,319687,400036,,,0,100,CALL,1,1
27/10/2021 00:00,43,,319514,399809,,,0,100,CALL,1,1
27/10/2021 00:00,43,,320294,400799,,,0,100,CALL,1,1
27/10/2021 00:00,43,,318810,380374,,,0,0,CALL,1,0
27/10/2021 00:00,43,,318900,399123,,,0,0,CALL,1,0
27/10/2021 00:00,43,,319610,399929,,,0,600,CALL,1,1
27/10/2021 00:00,43,,319833,400304,,,0,0,CALL,1,0
27/10/2021 00:00,43,,319497,399808,,,0,0,CALL,1,0
